x coord,y coord,z coord,rho,u,v,w
0.016667,0.016667,0.000000,0.998028,0.000050,-0.000024,0.000000
0.050000,0.016667,0.000000,0.997845,-0.000036,-0.000005,0.000000
0.083333,0.016667,0.000000,0.998053,-0.000001,-0.000041,0.000000
0.116667,0.016667,0.000000,0.997830,0.000049,0.000011,0.000000
0.150000,0.016667,0.000000,0.997963,-0.000144,0.000048,0.000000
0.183333,0.016667,0.000000,0.997792,-0.000296,0.000093,0.000000
0.216667,0.016667,0.000000,0.997849,-0.000694,0.000140,0.000000
0.250000,0.016667,0.000000,0.997720,-0.001094,0.000185,0.000000
0.283333,0.016667,0.000000,0.997709,-0.001712,0.000233,0.000000
0.316667,0.016667,0.000000,0.997598,-0.002371,0.000268,0.000000
0.350000,0.016667,0.000000,0.997545,-0.003172,0.000290,0.000000
0.383333,0.016667,0.000000,0.997456,-0.003983,0.000288,0.000000
0.416667,0.016667,0.000000,0.997415,-0.004803,0.000267,0.000000
0.450000,0.016667,0.000000,0.997386,-0.005547,0.000222,0.000000
0.483333,0.016667,0.000000,0.997431,-0.006151,0.000161,0.000000
0.516667,0.016667,0.000000,0.997501,-0.006588,0.000084,0.000000
0.550000,0.016667,0.000000,0.997672,-0.006756,-0.000004,0.000000
0.583333,0.016667,0.000000,0.997832,-0.006692,-0.000103,0.000000
0.616667,0.016667,0.000000,0.998103,-0.006272,-0.000205,0.000000
0.650000,0.016667,0.000000,0.998267,-0.005617,-0.000304,0.000000
0.683333,0.016667,0.000000,0.998538,-0.004605,-0.000386,0.000000
0.716667,0.016667,0.000000,0.998560,-0.003490,-0.000435,0.000000
0.750000,0.016667,0.000000,0.998718,-0.002186,-0.000430,0.000000
0.783333,0.016667,0.000000,0.998506,-0.001105,-0.000356,0.000000
0.816667,0.016667,0.000000,0.998565,-0.000157,-0.000231,0.000000
0.850000,0.016667,0.000000,0.998213,0.000267,-0.000072,0.000000
0.883333,0.016667,0.000000,0.998343,0.000437,0.000035,0.000000
0.916667,0.016667,0.000000,0.998029,0.000290,0.000131,0.000000
0.950000,0.016667,0.000000,0.998257,0.000013,0.000078,0.000000
0.983333,0.016667,0.000000,0.998082,0.000063,0.000045,0.000000
0.016667,0.050000,0.000000,0.998110,0.000047,0.000006,0.000000
0.050000,0.050000,0.000000,0.997920,-0.000073,0.000073,0.000000
0.083333,0.050000,0.000000,0.998126,-0.000057,-0.000043,0.000000
0.116667,0.050000,0.000000,0.997927,-0.000056,0.000153,0.000000
0.150000,0.050000,0.000000,0.998086,-0.000583,0.000304,0.000000
0.183333,0.050000,0.000000,0.997943,-0.001163,0.000480,0.000000
0.216667,0.050000,0.000000,0.998036,-0.002327,0.000675,0.000000
0.250000,0.050000,0.000000,0.997938,-0.003653,0.000860,0.000000
0.283333,0.050000,0.000000,0.997973,-0.005522,0.001070,0.000000
0.316667,0.050000,0.000000,0.997900,-0.007589,0.001226,0.000000
0.350000,0.050000,0.000000,0.997896,-0.009975,0.001355,0.000000
0.383333,0.050000,0.000000,0.997836,-0.012363,0.001378,0.000000
0.416667,0.050000,0.000000,0.997815,-0.014667,0.001331,0.000000
0.450000,0.050000,0.000000,0.997766,-0.016658,0.001158,0.000000
0.483333,0.050000,0.000000,0.997763,-0.018172,0.000904,0.000000
0.516667,0.050000,0.000000,0.997738,-0.019127,0.000539,0.000000
0.550000,0.050000,0.000000,0.997789,-0.019335,0.000115,0.000000
0.583333,0.050000,0.000000,0.997794,-0.018875,-0.000383,0.000000
0.616667,0.050000,0.000000,0.997909,-0.017548,-0.000889,0.000000
0.650000,0.050000,0.000000,0.997916,-0.015622,-0.001387,0.000000
0.683333,0.050000,0.000000,0.998070,-0.012917,-0.001782,0.000000
0.716667,0.050000,0.000000,0.998019,-0.009958,-0.002021,0.000000
0.750000,0.050000,0.000000,0.998175,-0.006631,-0.002006,0.000000
0.783333,0.050000,0.000000,0.998023,-0.003749,-0.001706,0.000000
0.816667,0.050000,0.000000,0.998190,-0.001214,-0.001184,0.000000
0.850000,0.050000,0.000000,0.997959,0.000171,-0.000537,0.000000
0.883333,0.050000,0.000000,0.998177,0.000828,-0.000089,0.000000
0.916667,0.050000,0.000000,0.997924,0.000656,0.000291,0.000000
0.950000,0.050000,0.000000,0.998157,0.000104,0.000131,0.000000
0.983333,0.050000,0.000000,0.997977,0.000098,0.000033,0.000000
0.016667,0.083333,0.000000,0.998041,0.000053,-0.000015,0.000000
0.050000,0.083333,0.000000,0.997830,-0.000080,0.000108,0.000000
0.083333,0.083333,0.000000,0.998046,-0.000203,-0.000068,0.000000
0.116667,0.083333,0.000000,0.997828,-0.000440,0.000544,0.000000
0.150000,0.083333,0.000000,0.997979,-0.001493,0.001146,0.000000
0.183333,0.083333,0.000000,0.997826,-0.002838,0.001839,0.000000
0.216667,0.083333,0.000000,0.997903,-0.005077,0.002620,0.000000
0.250000,0.083333,0.000000,0.997797,-0.007728,0.003378,0.000000
0.283333,0.083333,0.000000,0.997807,-0.011096,0.004159,0.000000
0.316667,0.083333,0.000000,0.997717,-0.014685,0.004714,0.000000
0.350000,0.083333,0.000000,0.997672,-0.018448,0.005053,0.000000
0.383333,0.083333,0.000000,0.997583,-0.021935,0.004969,0.000000
0.416667,0.083333,0.000000,0.997524,-0.024988,0.004548,0.000000
0.450000,0.083333,0.000000,0.997465,-0.027376,0.003715,0.000000
0.483333,0.083333,0.000000,0.997465,-0.028968,0.002617,0.000000
0.516667,0.083333,0.000000,0.997482,-0.029739,0.001239,0.000000
0.550000,0.083333,0.000000,0.997591,-0.029556,-0.000262,0.000000
0.583333,0.083333,0.000000,0.997689,-0.028546,-0.001886,0.000000
0.616667,0.083333,0.000000,0.997900,-0.026534,-0.003452,0.000000
0.650000,0.083333,0.000000,0.998014,-0.023801,-0.004917,0.000000
0.683333,0.083333,0.000000,0.998254,-0.020143,-0.006035,0.000000
0.716667,0.083333,0.000000,0.998272,-0.016081,-0.006693,0.000000
0.750000,0.083333,0.000000,0.998456,-0.011462,-0.006622,0.000000
0.783333,0.083333,0.000000,0.998300,-0.007171,-0.005747,0.000000
0.816667,0.083333,0.000000,0.998435,-0.003186,-0.004144,0.000000
0.850000,0.083333,0.000000,0.998158,-0.000610,-0.002093,0.000000
0.883333,0.083333,0.000000,0.998349,0.000824,-0.000454,0.000000
0.916667,0.083333,0.000000,0.998060,0.000868,0.000872,0.000000
0.950000,0.083333,0.000000,0.998298,0.000212,0.000631,0.000000
0.983333,0.083333,0.000000,0.998115,0.000134,0.000266,0.000000
0.016667,0.116667,0.000000,0.998166,-0.000000,0.000021,0.000000
0.050000,0.116667,0.000000,0.997913,-0.000303,0.000347,0.000000
0.083333,0.116667,0.000000,0.998150,-0.001001,0.000314,0.000000
0.116667,0.116667,0.000000,0.997928,-0.001901,0.001459,0.000000
0.150000,0.116667,0.000000,0.998086,-0.003823,0.002701,0.000000
0.183333,0.116667,0.000000,0.997936,-0.006196,0.004077,0.000000
0.216667,0.116667,0.000000,0.998012,-0.009564,0.005567,0.000000
0.250000,0.116667,0.000000,0.997899,-0.013321,0.006891,0.000000
0.283333,0.116667,0.000000,0.997895,-0.017577,0.008033,0.000000
0.316667,0.116667,0.000000,0.997781,-0.021691,0.008586,0.000000
0.350000,0.116667,0.000000,0.997716,-0.025551,0.008610,0.000000
0.383333,0.116667,0.000000,0.997602,-0.028775,0.007926,0.000000
0.416667,0.116667,0.000000,0.997529,-0.031338,0.006778,0.000000
0.450000,0.116667,0.000000,0.997450,-0.033163,0.005146,0.000000
0.483333,0.116667,0.000000,0.997430,-0.034250,0.003277,0.000000
0.516667,0.116667,0.000000,0.997413,-0.034667,0.001140,0.000000
0.550000,0.116667,0.000000,0.997485,-0.034334,-0.001067,0.000000
0.583333,0.116667,0.000000,0.997531,-0.033390,-0.003394,0.000000
0.616667,0.116667,0.000000,0.997693,-0.031635,-0.005630,0.000000
0.650000,0.116667,0.000000,0.997757,-0.029285,-0.007775,0.000000
0.683333,0.116667,0.000000,0.997967,-0.026033,-0.009512,0.000000
0.716667,0.116667,0.000000,0.997966,-0.022256,-0.010710,0.000000
0.750000,0.116667,0.000000,0.998159,-0.017634,-0.010936,0.000000
0.783333,0.116667,0.000000,0.998022,-0.012895,-0.009991,0.000000
0.816667,0.116667,0.000000,0.998191,-0.007944,-0.007767,0.000000
0.850000,0.116667,0.000000,0.997942,-0.004032,-0.004548,0.000000
0.883333,0.116667,0.000000,0.998160,-0.001207,-0.001588,0.000000
0.916667,0.116667,0.000000,0.997869,-0.000166,0.000907,0.000000
0.950000,0.116667,0.000000,0.998142,-0.000110,0.000847,0.000000
0.983333,0.116667,0.000000,0.997910,0.000051,0.000388,0.000000
0.016667,0.150000,0.000000,0.998152,-0.000070,0.000263,0.000000
0.050000,0.150000,0.000000,0.997837,-0.000598,0.001120,0.000000
0.083333,0.150000,0.000000,0.998098,-0.002055,0.001518,0.000000
0.116667,0.150000,0.000000,0.997861,-0.003748,0.003374,0.000000
0.150000,0.150000,0.000000,0.998011,-0.006630,0.005432,0.000000
0.183333,0.150000,0.000000,0.997849,-0.009965,0.007585,0.000000
0.216667,0.150000,0.000000,0.997893,-0.014213,0.009739,0.000000
0.250000,0.150000,0.000000,0.997755,-0.018584,0.011392,0.000000
0.283333,0.150000,0.000000,0.997701,-0.023082,0.012524,0.000000
0.316667,0.150000,0.000000,0.997555,-0.027064,0.012686,0.000000
0.350000,0.150000,0.000000,0.997441,-0.030536,0.012130,0.000000
0.383333,0.150000,0.000000,0.997305,-0.033280,0.010752,0.000000
0.416667,0.150000,0.000000,0.997201,-0.035401,0.008930,0.000000
0.450000,0.150000,0.000000,0.997114,-0.036904,0.006623,0.000000
0.483333,0.150000,0.000000,0.997082,-0.037824,0.004117,0.000000
0.516667,0.150000,0.000000,0.997075,-0.038241,0.001324,0.000000
0.550000,0.150000,0.000000,0.997151,-0.038071,-0.001539,0.000000
0.583333,0.150000,0.000000,0.997223,-0.037437,-0.004580,0.000000
0.616667,0.150000,0.000000,0.997411,-0.036120,-0.007553,0.000000
0.650000,0.150000,0.000000,0.997521,-0.034294,-0.010509,0.000000
0.683333,0.150000,0.000000,0.997780,-0.031582,-0.013060,0.000000
0.716667,0.150000,0.000000,0.997847,-0.028262,-0.015081,0.000000
0.750000,0.150000,0.000000,0.998108,-0.023855,-0.015980,0.000000
0.783333,0.150000,0.000000,0.998039,-0.018931,-0.015423,0.000000
0.816667,0.150000,0.000000,0.998264,-0.013202,-0.013007,0.000000
0.850000,0.150000,0.000000,0.998047,-0.007960,-0.008814,0.000000
0.883333,0.150000,0.000000,0.998285,-0.003510,-0.004324,0.000000
0.916667,0.150000,0.000000,0.997972,-0.001224,-0.000206,0.000000
0.950000,0.150000,0.000000,0.998265,-0.000382,0.000408,0.000000
0.983333,0.150000,0.000000,0.997987,-0.000016,0.000234,0.000000
0.016667,0.183333,0.000000,0.998286,-0.000159,0.000667,0.000000
0.050000,0.183333,0.000000,0.997894,-0.000973,0.002352,0.000000
0.083333,0.183333,0.000000,0.998186,-0.003297,0.003457,0.000000
0.116667,0.183333,0.000000,0.997931,-0.005773,0.006049,0.000000
0.150000,0.183333,0.000000,0.998067,-0.009463,0.008915,0.000000
0.183333,0.183333,0.000000,0.997884,-0.013429,0.011671,0.000000
0.216667,0.183333,0.000000,0.997890,-0.018032,0.014187,0.000000
0.250000,0.183333,0.000000,0.997711,-0.022389,0.015767,0.000000
0.283333,0.183333,0.000000,0.997608,-0.026515,0.016515,0.000000
0.316667,0.183333,0.000000,0.997416,-0.029896,0.016045,0.000000
0.350000,0.183333,0.000000,0.997261,-0.032676,0.014829,0.000000
0.383333,0.183333,0.000000,0.997088,-0.034753,0.012794,0.000000
0.416667,0.183333,0.000000,0.996956,-0.036289,0.010404,0.000000
0.450000,0.183333,0.000000,0.996840,-0.037325,0.007573,0.000000
0.483333,0.183333,0.000000,0.996786,-0.037930,0.004618,0.000000
0.516667,0.183333,0.000000,0.996751,-0.038204,0.001394,0.000000
0.550000,0.183333,0.000000,0.996804,-0.038100,-0.001865,0.000000
0.583333,0.183333,0.000000,0.996848,-0.037752,-0.005337,0.000000
0.616667,0.183333,0.000000,0.997015,-0.036962,-0.008770,0.000000
0.650000,0.183333,0.000000,0.997110,-0.035882,-0.012308,0.000000
0.683333,0.183333,0.000000,0.997371,-0.034100,-0.015548,0.000000
0.716667,0.183333,0.000000,0.997455,-0.031791,-0.018438,0.000000
0.750000,0.183333,0.000000,0.997762,-0.028314,-0.020280,0.000000
0.783333,0.183333,0.000000,0.997748,-0.024008,-0.020647,0.000000
0.816667,0.183333,0.000000,0.998044,-0.018288,-0.018754,0.000000
0.850000,0.183333,0.000000,0.997874,-0.012248,-0.014240,0.000000
0.883333,0.183333,0.000000,0.998159,-0.006248,-0.008342,0.000000
0.916667,0.183333,0.000000,0.997829,-0.002494,-0.002216,0.000000
0.950000,0.183333,0.000000,0.998145,-0.000694,-0.000381,0.000000
0.983333,0.183333,0.000000,0.997816,-0.000093,0.000008,0.000000
0.016667,0.216667,0.000000,0.998294,-0.000247,0.001361,0.000000
0.050000,0.216667,0.000000,0.997830,-0.001337,0.004275,0.000000
0.083333,0.216667,0.000000,0.998144,-0.004473,0.006304,0.000000
0.116667,0.216667,0.000000,0.997873,-0.007565,0.009552,0.000000
0.150000,0.216667,0.000000,0.997977,-0.011785,0.013080,0.000000
0.183333,0.216667,0.000000,0.997768,-0.015991,0.016159,0.000000
0.216667,0.216667,0.000000,0.997713,-0.020517,0.018693,0.000000
0.250000,0.216667,0.000000,0.997495,-0.024470,0.019876,0.000000
0.283333,0.216667,0.000000,0.997326,-0.027963,0.020027,0.000000
0.316667,0.216667,0.000000,0.997099,-0.030616,0.018846,0.000000
0.350000,0.216667,0.000000,0.996899,-0.032666,0.016983,0.000000
0.383333,0.216667,0.000000,0.996710,-0.034075,0.014361,0.000000
0.416667,0.216667,0.000000,0.996554,-0.035032,0.011498,0.000000
0.450000,0.216667,0.000000,0.996439,-0.035609,0.008262,0.000000
0.483333,0.216667,0.000000,0.996373,-0.035895,0.004995,0.000000
0.516667,0.216667,0.000000,0.996344,-0.036006,0.001496,0.000000
0.550000,0.216667,0.000000,0.996388,-0.035915,-0.001990,0.000000
0.583333,0.216667,0.000000,0.996439,-0.035767,-0.005712,0.000000
0.616667,0.216667,0.000000,0.996600,-0.035389,-0.009422,0.000000
0.650000,0.216667,0.000000,0.996710,-0.034949,-0.013364,0.000000
0.683333,0.216667,0.000000,0.996985,-0.034047,-0.017152,0.000000
0.716667,0.216667,0.000000,0.997110,-0.032834,-0.020861,0.000000
0.750000,0.216667,0.000000,0.997473,-0.030576,-0.023769,0.000000
0.783333,0.216667,0.000000,0.997540,-0.027437,-0.025442,0.000000
0.816667,0.216667,0.000000,0.997932,-0.022491,-0.024772,0.000000
0.850000,0.216667,0.000000,0.997842,-0.016472,-0.020841,0.000000
0.883333,0.216667,0.000000,0.998204,-0.009379,-0.014084,0.000000
0.916667,0.216667,0.000000,0.997880,-0.004033,-0.005743,0.000000
0.950000,0.216667,0.000000,0.998211,-0.001047,-0.002004,0.000000
0.983333,0.216667,0.000000,0.997830,-0.000182,-0.000519,0.000000
0.016667,0.250000,0.000000,0.998362,-0.000314,0.002217,0.000000
0.050000,0.250000,0.000000,0.997841,-0.001616,0.006604,0.000000
0.083333,0.250000,0.000000,0.998167,-0.005350,0.009673,0.000000
0.116667,0.250000,0.000000,0.997879,-0.008792,0.013375,0.000000
0.150000,0.250000,0.000000,0.997944,-0.013188,0.017338,0.000000
0.183333,0.250000,0.000000,0.997701,-0.017271,0.020413,0.000000
0.216667,0.250000,0.000000,0.997586,-0.021379,0.022666,0.000000
0.250000,0.250000,0.000000,0.997319,-0.024691,0.023217,0.000000
0.283333,0.250000,0.000000,0.997098,-0.027414,0.022661,0.000000
0.316667,0.250000,0.000000,0.996834,-0.029287,0.020750,0.000000
0.350000,0.250000,0.000000,0.996606,-0.030596,0.018289,0.000000
0.383333,0.250000,0.000000,0.996398,-0.031351,0.015161,0.000000
0.416667,0.250000,0.000000,0.996232,-0.031760,0.011940,0.000000
0.450000,0.250000,0.000000,0.996105,-0.031913,0.008438,0.000000
0.483333,0.250000,0.000000,0.996031,-0.031903,0.005018,0.000000
0.516667,0.250000,0.000000,0.995988,-0.031841,0.001418,0.000000
0.550000,0.250000,0.000000,0.996018,-0.031703,-0.002101,0.000000
0.583333,0.250000,0.000000,0.996050,-0.031634,-0.005858,0.000000
0.616667,0.250000,0.000000,0.996192,-0.031491,-0.009588,0.000000
0.650000,0.250000,0.000000,0.996282,-0.031468,-0.013647,0.000000
0.683333,0.250000,0.000000,0.996544,-0.031228,-0.017668,0.000000
0.716667,0.250000,0.000000,0.996666,-0.030962,-0.021908,0.000000
0.750000,0.250000,0.000000,0.997051,-0.029944,-0.025690,0.000000
0.783333,0.250000,0.000000,0.997156,-0.028271,-0.028734,0.000000
0.816667,0.250000,0.000000,0.997627,-0.024749,-0.029734,0.000000
0.850000,0.250000,0.000000,0.997606,-0.019717,-0.027349,0.000000
0.883333,0.250000,0.000000,0.998064,-0.012488,-0.020796,0.000000
0.916667,0.250000,0.000000,0.997769,-0.005821,-0.010540,0.000000
0.950000,0.250000,0.000000,0.998117,-0.001453,-0.004252,0.000000
0.983333,0.250000,0.000000,0.997671,-0.000283,-0.001189,0.000000
0.016667,0.283333,0.000000,0.998299,-0.000352,0.003249,0.000000
0.050000,0.283333,0.000000,0.997759,-0.001759,0.009335,0.000000
0.083333,0.283333,0.000000,0.998070,-0.005825,0.013466,0.000000
0.116667,0.283333,0.000000,0.997780,-0.009361,0.017402,0.000000
0.150000,0.283333,0.000000,0.997790,-0.013653,0.021553,0.000000
0.183333,0.283333,0.000000,0.997525,-0.017382,0.024356,0.000000
0.216667,0.283333,0.000000,0.997342,-0.020921,0.026111,0.000000
0.250000,0.283333,0.000000,0.997048,-0.023550,0.025913,0.000000
0.283333,0.283333,0.000000,0.996779,-0.025554,0.024621,0.000000
0.316667,0.283333,0.000000,0.996507,-0.026766,0.022027,0.000000
0.350000,0.283333,0.000000,0.996259,-0.027498,0.019045,0.000000
0.383333,0.283333,0.000000,0.996060,-0.027800,0.015524,0.000000
0.416667,0.283333,0.000000,0.995890,-0.027876,0.012058,0.000000
0.450000,0.283333,0.000000,0.995779,-0.027815,0.008405,0.000000
0.483333,0.283333,0.000000,0.995701,-0.027686,0.004922,0.000000
0.516667,0.283333,0.000000,0.995671,-0.027572,0.001298,0.000000
0.550000,0.283333,0.000000,0.995691,-0.027431,-0.002197,0.000000
0.583333,0.283333,0.000000,0.995728,-0.027391,-0.005921,0.000000
0.616667,0.283333,0.000000,0.995852,-0.027320,-0.009588,0.000000
0.650000,0.283333,0.000000,0.995941,-0.027437,-0.013622,0.000000
0.683333,0.283333,0.000000,0.996183,-0.027467,-0.017663,0.000000
0.716667,0.283333,0.000000,0.996307,-0.027692,-0.022141,0.000000
0.750000,0.283333,0.000000,0.996691,-0.027475,-0.026469,0.000000
0.783333,0.283333,0.000000,0.996823,-0.026997,-0.030635,0.000000
0.816667,0.283333,0.000000,0.997350,-0.024951,-0.033339,0.000000
0.850000,0.283333,0.000000,0.997400,-0.021438,-0.033094,0.000000
0.883333,0.283333,0.000000,0.997962,-0.015036,-0.027988,0.000000
0.916667,0.283333,0.000000,0.997738,-0.007755,-0.016763,0.000000
0.950000,0.283333,0.000000,0.998118,-0.001907,-0.007557,0.000000
0.983333,0.283333,0.000000,0.997585,-0.000389,-0.002208,0.000000
0.016667,0.316667,0.000000,0.998230,-0.000355,0.004288,0.000000
0.050000,0.316667,0.000000,0.997708,-0.001746,0.012103,0.000000
0.083333,0.316667,0.000000,0.997984,-0.005833,0.017266,0.000000
0.116667,0.316667,0.000000,0.997698,-0.009244,0.021218,0.000000
0.150000,0.316667,0.000000,0.997656,-0.013203,0.025358,0.000000
0.183333,0.316667,0.000000,0.997366,-0.016445,0.027689,0.000000
0.216667,0.316667,0.000000,0.997134,-0.019356,0.028837,0.000000
0.250000,0.316667,0.000000,0.996814,-0.021347,0.027853,0.000000
0.283333,0.316667,0.000000,0.996519,-0.022740,0.025880,0.000000
0.316667,0.316667,0.000000,0.996237,-0.023454,0.022697,0.000000
0.350000,0.316667,0.000000,0.995988,-0.023797,0.019324,0.000000
0.383333,0.316667,0.000000,0.995790,-0.023847,0.015539,0.000000
0.416667,0.316667,0.000000,0.995625,-0.023783,0.011958,0.000000
0.450000,0.316667,0.000000,0.995514,-0.023672,0.008249,0.000000
0.483333,0.316667,0.000000,0.995439,-0.023548,0.004777,0.000000
0.516667,0.316667,0.000000,0.995403,-0.023462,0.001164,0.000000
0.550000,0.316667,0.000000,0.995418,-0.023354,-0.002282,0.000000
0.583333,0.316667,0.000000,0.995444,-0.023330,-0.005968,0.000000
0.616667,0.316667,0.000000,0.995554,-0.023263,-0.009543,0.000000
0.650000,0.316667,0.000000,0.995628,-0.023375,-0.013499,0.000000
0.683333,0.316667,0.000000,0.995851,-0.023431,-0.017419,0.000000
0.716667,0.316667,0.000000,0.995956,-0.023792,-0.021898,0.000000
0.750000,0.316667,0.000000,0.996324,-0.023927,-0.026397,0.000000
0.783333,0.316667,0.000000,0.996446,-0.024178,-0.031258,0.000000
0.816667,0.316667,0.000000,0.996995,-0.023281,-0.035311,0.000000
0.850000,0.316667,0.000000,0.997076,-0.021313,-0.037264,0.000000
0.883333,0.316667,0.000000,0.997726,-0.016332,-0.034496,0.000000
0.916667,0.316667,0.000000,0.997571,-0.009414,-0.023660,0.000000
0.950000,0.316667,0.000000,0.998028,-0.002333,-0.011639,0.000000
0.983333,0.316667,0.000000,0.997366,-0.000473,-0.003433,0.000000
0.016667,0.350000,0.000000,0.998052,-0.000331,0.005309,0.000000
0.050000,0.350000,0.000000,0.997597,-0.001592,0.014838,0.000000
0.083333,0.350000,0.000000,0.997806,-0.005443,0.020956,0.000000
0.116667,0.350000,0.000000,0.997550,-0.008578,0.024785,0.000000
0.150000,0.350000,0.000000,0.997443,-0.012075,0.028754,0.000000
0.183333,0.350000,0.000000,0.997156,-0.014797,0.030517,0.000000
0.216667,0.350000,0.000000,0.996872,-0.017121,0.031016,0.000000
0.250000,0.350000,0.000000,0.996557,-0.018594,0.029300,0.000000
0.283333,0.350000,0.000000,0.996239,-0.019539,0.026729,0.000000
0.316667,0.350000,0.000000,0.995975,-0.019947,0.023086,0.000000
0.350000,0.350000,0.000000,0.995721,-0.020098,0.019440,0.000000
0.383333,0.350000,0.000000,0.995546,-0.020076,0.015510,0.000000
0.416667,0.350000,0.000000,0.995379,-0.020019,0.011884,0.000000
0.450000,0.350000,0.000000,0.995287,-0.019968,0.008171,0.000000
0.483333,0.350000,0.000000,0.995205,-0.019921,0.004713,0.000000
0.516667,0.350000,0.000000,0.995183,-0.019910,0.001106,0.000000
0.550000,0.350000,0.000000,0.995186,-0.019863,-0.002328,0.000000
0.583333,0.350000,0.000000,0.995221,-0.019871,-0.006011,0.000000
0.616667,0.350000,0.000000,0.995314,-0.019808,-0.009545,0.000000
0.650000,0.350000,0.000000,0.995392,-0.019883,-0.013452,0.000000
0.683333,0.350000,0.000000,0.995590,-0.019875,-0.017251,0.000000
0.716667,0.350000,0.000000,0.995693,-0.020182,-0.021642,0.000000
0.750000,0.350000,0.000000,0.996032,-0.020353,-0.026093,0.000000
0.783333,0.350000,0.000000,0.996142,-0.020900,-0.031277,0.000000
0.816667,0.350000,0.000000,0.996680,-0.020663,-0.036222,0.000000
0.850000,0.350000,0.000000,0.996769,-0.019890,-0.040042,0.000000
0.883333,0.350000,0.000000,0.997480,-0.016336,-0.039907,0.000000
0.916667,0.350000,0.000000,0.997372,-0.010536,-0.030753,0.000000
0.950000,0.350000,0.000000,0.997963,-0.002697,-0.016519,0.000000
0.983333,0.350000,0.000000,0.997134,-0.000525,-0.004947,0.000000
0.016667,0.383333,0.000000,0.997861,-0.000282,0.006178,0.000000
0.050000,0.383333,0.000000,0.997497,-0.001333,0.017240,0.000000
0.083333,0.383333,0.000000,0.997631,-0.004719,0.024250,0.000000
0.116667,0.383333,0.000000,0.997405,-0.007483,0.027863,0.000000
0.150000,0.383333,0.000000,0.997252,-0.010435,0.031583,0.000000
0.183333,0.383333,0.000000,0.996962,-0.012650,0.032743,0.000000
0.216667,0.383333,0.000000,0.996653,-0.014450,0.032641,0.000000
0.250000,0.383333,0.000000,0.996335,-0.015524,0.030276,0.000000
0.283333,0.383333,0.000000,0.996017,-0.016162,0.027239,0.000000
0.316667,0.383333,0.000000,0.995758,-0.016404,0.023257,0.000000
0.350000,0.383333,0.000000,0.995514,-0.016483,0.019457,0.000000
0.383333,0.383333,0.000000,0.995342,-0.016477,0.015462,0.000000
0.416667,0.383333,0.000000,0.995185,-0.016478,0.011851,0.000000
0.450000,0.383333,0.000000,0.995092,-0.016501,0.008151,0.000000
0.483333,0.383333,0.000000,0.995014,-0.016531,0.004721,0.000000
0.516667,0.383333,0.000000,0.994988,-0.016584,0.001106,0.000000
0.550000,0.383333,0.000000,0.994989,-0.016596,-0.002320,0.000000
0.583333,0.383333,0.000000,0.995019,-0.016645,-0.006023,0.000000
0.616667,0.383333,0.000000,0.995106,-0.016607,-0.009534,0.000000
0.650000,0.383333,0.000000,0.995177,-0.016671,-0.013431,0.000000
0.683333,0.383333,0.000000,0.995365,-0.016616,-0.017125,0.000000
0.716667,0.383333,0.000000,0.995455,-0.016838,-0.021419,0.000000
0.750000,0.383333,0.000000,0.995776,-0.016930,-0.025691,0.000000
0.783333,0.383333,0.000000,0.995861,-0.017538,-0.030946,0.000000
0.816667,0.383333,0.000000,0.996382,-0.017615,-0.036340,0.000000
0.850000,0.383333,0.000000,0.996439,-0.017667,-0.041592,0.000000
0.883333,0.383333,0.000000,0.997197,-0.015268,-0.043877,0.000000
0.916667,0.383333,0.000000,0.997072,-0.010927,-0.037296,0.000000
0.950000,0.383333,0.000000,0.997847,-0.002938,-0.021679,0.000000
0.983333,0.383333,0.000000,0.996826,-0.000530,-0.006578,0.000000
0.016667,0.416667,0.000000,0.997616,-0.000225,0.006897,0.000000
0.050000,0.416667,0.000000,0.997383,-0.000999,0.019295,0.000000
0.083333,0.416667,0.000000,0.997413,-0.003770,0.027109,0.000000
0.116667,0.416667,0.000000,0.997248,-0.006105,0.030513,0.000000
0.150000,0.416667,0.000000,0.997034,-0.008488,0.033929,0.000000
0.183333,0.416667,0.000000,0.996775,-0.010238,0.034540,0.000000
0.216667,0.416667,0.000000,0.996431,-0.011593,0.033897,0.000000
0.250000,0.416667,0.000000,0.996141,-0.012379,0.031017,0.000000
0.283333,0.416667,0.000000,0.995810,-0.012819,0.027614,0.000000
0.316667,0.416667,0.000000,0.995580,-0.012994,0.023410,0.000000
0.350000,0.416667,0.000000,0.995330,-0.013066,0.019516,0.000000
0.383333,0.416667,0.000000,0.995183,-0.013109,0.015506,0.000000
0.416667,0.416667,0.000000,0.995017,-0.013167,0.011910,0.000000
0.450000,0.416667,0.000000,0.994942,-0.013252,0.008226,0.000000
0.483333,0.416667,0.000000,0.994852,-0.013337,0.004798,0.000000
0.516667,0.416667,0.000000,0.994839,-0.013439,0.001172,0.000000
0.550000,0.416667,0.000000,0.994825,-0.013505,-0.002268,0.000000
0.583333,0.416667,0.000000,0.994867,-0.013602,-0.005999,0.000000
0.616667,0.416667,0.000000,0.994934,-0.013618,-0.009521,0.000000
0.650000,0.416667,0.000000,0.995016,-0.013714,-0.013441,0.000000
0.683333,0.416667,0.000000,0.995179,-0.013665,-0.017089,0.000000
0.716667,0.416667,0.000000,0.995277,-0.013842,-0.021326,0.000000
0.750000,0.416667,0.000000,0.995566,-0.013847,-0.025404,0.000000
0.783333,0.416667,0.000000,0.995642,-0.014415,-0.030589,0.000000
0.816667,0.416667,0.000000,0.996125,-0.014589,-0.036114,0.000000
0.850000,0.416667,0.000000,0.996146,-0.015175,-0.042389,0.000000
0.883333,0.416667,0.000000,0.996918,-0.013601,-0.046678,0.000000
0.916667,0.416667,0.000000,0.996737,-0.010707,-0.043083,0.000000
0.950000,0.416667,0.000000,0.997698,-0.003046,-0.026951,0.000000
0.983333,0.416667,0.000000,0.996505,-0.000503,-0.008326,0.000000
0.016667,0.450000,0.000000,0.997380,-0.000157,0.007386,0.000000
0.050000,0.450000,0.000000,0.997271,-0.000638,0.020799,0.000000
0.083333,0.450000,0.000000,0.997216,-0.002680,0.029366,0.000000
0.116667,0.450000,0.000000,0.997093,-0.004566,0.032592,0.000000
0.150000,0.450000,0.000000,0.996848,-0.006377,0.035728,0.000000
0.183333,0.450000,0.000000,0.996601,-0.007710,0.035855,0.000000
0.216667,0.450000,0.000000,0.996254,-0.008690,0.034792,0.000000
0.250000,0.450000,0.000000,0.995971,-0.009266,0.031506,0.000000
0.283333,0.450000,0.000000,0.995651,-0.009581,0.027860,0.000000
0.316667,0.450000,0.000000,0.995426,-0.009733,0.023505,0.000000
0.350000,0.450000,0.000000,0.995190,-0.009820,0.019577,0.000000
0.383333,0.450000,0.000000,0.995043,-0.009902,0.015564,0.000000
0.416667,0.450000,0.000000,0.994887,-0.009997,0.011997,0.000000
0.450000,0.450000,0.000000,0.994808,-0.010111,0.008320,0.000000
0.483333,0.450000,0.000000,0.994724,-0.010225,0.004910,0.000000
0.516667,0.450000,0.000000,0.994707,-0.010356,0.001274,0.000000
0.550000,0.450000,0.000000,0.994695,-0.010466,-0.002156,0.000000
0.583333,0.450000,0.000000,0.994733,-0.010612,-0.005910,0.000000
0.616667,0.450000,0.000000,0.994800,-0.010699,-0.009423,0.000000
0.650000,0.450000,0.000000,0.994880,-0.010858,-0.013384,0.000000
0.683333,0.450000,0.000000,0.995038,-0.010871,-0.017000,0.000000
0.716667,0.450000,0.000000,0.995132,-0.011065,-0.021237,0.000000
0.750000,0.450000,0.000000,0.995410,-0.011038,-0.025127,0.000000
0.783333,0.450000,0.000000,0.995469,-0.011560,-0.030201,0.000000
0.816667,0.450000,0.000000,0.995931,-0.011738,-0.035600,0.000000
0.850000,0.450000,0.000000,0.995900,-0.012667,-0.042578,0.000000
0.883333,0.450000,0.000000,0.996684,-0.011674,-0.048379,0.000000
0.916667,0.450000,0.000000,0.996412,-0.010043,-0.047853,0.000000
0.950000,0.450000,0.000000,0.997544,-0.003027,-0.031928,0.000000
0.983333,0.450000,0.000000,0.996210,-0.000447,-0.010028,0.000000
0.016667,0.483333,0.000000,0.997150,-0.000094,0.007685,0.000000
0.050000,0.483333,0.000000,0.997192,-0.000260,0.021827,0.000000
0.083333,0.483333,0.000000,0.997027,-0.001522,0.031050,0.000000
0.116667,0.483333,0.000000,0.996980,-0.002934,0.034219,0.000000
0.150000,0.483333,0.000000,0.996680,-0.004189,0.037086,0.000000
0.183333,0.483333,0.000000,0.996483,-0.005140,0.036860,0.000000
0.216667,0.483333,0.000000,0.996106,-0.005789,0.035464,0.000000
0.250000,0.483333,0.000000,0.995864,-0.006202,0.031913,0.000000
0.283333,0.483333,0.000000,0.995527,-0.006419,0.028087,0.000000
0.316667,0.483333,0.000000,0.995336,-0.006561,0.023651,0.000000
0.350000,0.483333,0.000000,0.995085,-0.006648,0.019690,0.000000
0.383333,0.483333,0.000000,0.994962,-0.006749,0.015684,0.000000
0.416667,0.483333,0.000000,0.994789,-0.006848,0.012121,0.000000
0.450000,0.483333,0.000000,0.994729,-0.006968,0.008454,0.000000
0.483333,0.483333,0.000000,0.994626,-0.007090,0.005045,0.000000
0.516667,0.483333,0.000000,0.994625,-0.007238,0.001413,0.000000
0.550000,0.483333,0.000000,0.994592,-0.007385,-0.002011,0.000000
0.583333,0.483333,0.000000,0.994646,-0.007580,-0.005766,0.000000
0.616667,0.483333,0.000000,0.994689,-0.007747,-0.009277,0.000000
0.650000,0.483333,0.000000,0.994785,-0.007989,-0.013268,0.000000
0.683333,0.483333,0.000000,0.994915,-0.008108,-0.016885,0.000000
0.716667,0.483333,0.000000,0.995026,-0.008381,-0.021157,0.000000
0.750000,0.483333,0.000000,0.995268,-0.008403,-0.024920,0.000000
0.783333,0.483333,0.000000,0.995336,-0.008930,-0.029885,0.000000
0.816667,0.483333,0.000000,0.995752,-0.009107,-0.035027,0.000000
0.850000,0.483333,0.000000,0.995693,-0.010272,-0.042448,0.000000
0.883333,0.483333,0.000000,0.996450,-0.009704,-0.049341,0.000000
0.916667,0.483333,0.000000,0.996103,-0.009113,-0.051729,0.000000
0.950000,0.483333,0.000000,0.997335,-0.002895,-0.036601,0.000000
0.983333,0.483333,0.000000,0.995934,-0.000383,-0.011697,0.000000
0.016667,0.516667,0.000000,0.996948,-0.000027,0.007745,0.000000
0.050000,0.516667,0.000000,0.997100,0.000083,0.022229,0.000000
0.083333,0.516667,0.000000,0.996871,-0.000379,0.032057,0.000000
0.116667,0.516667,0.000000,0.996858,-0.001319,0.035262,0.000000
0.150000,0.516667,0.000000,0.996549,-0.002047,0.037950,0.000000
0.183333,0.516667,0.000000,0.996363,-0.002651,0.037457,0.000000
0.216667,0.516667,0.000000,0.995998,-0.003011,0.035865,0.000000
0.250000,0.516667,0.000000,0.995759,-0.003284,0.032137,0.000000
0.283333,0.516667,0.000000,0.995439,-0.003426,0.028226,0.000000
0.316667,0.516667,0.000000,0.995246,-0.003554,0.023734,0.000000
0.350000,0.516667,0.000000,0.995010,-0.003638,0.019771,0.000000
0.383333,0.516667,0.000000,0.994882,-0.003736,0.015763,0.000000
0.416667,0.516667,0.000000,0.994722,-0.003826,0.012220,0.000000
0.450000,0.516667,0.000000,0.994655,-0.003934,0.008561,0.000000
0.483333,0.516667,0.000000,0.994563,-0.004055,0.005182,0.000000
0.516667,0.516667,0.000000,0.994556,-0.004209,0.001568,0.000000
0.550000,0.516667,0.000000,0.994532,-0.004389,-0.001811,0.000000
0.583333,0.516667,0.000000,0.994583,-0.004625,-0.005549,0.000000
0.616667,0.516667,0.000000,0.994631,-0.004867,-0.009014,0.000000
0.650000,0.516667,0.000000,0.994727,-0.005193,-0.013023,0.000000
0.683333,0.516667,0.000000,0.994858,-0.005432,-0.016610,0.000000
0.716667,0.516667,0.000000,0.994971,-0.005818,-0.020940,0.000000
0.750000,0.516667,0.000000,0.995208,-0.005950,-0.024585,0.000000
0.783333,0.516667,0.000000,0.995273,-0.006540,-0.029491,0.000000
0.816667,0.516667,0.000000,0.995673,-0.006753,-0.034274,0.000000
0.850000,0.516667,0.000000,0.995580,-0.008090,-0.041971,0.000000
0.883333,0.516667,0.000000,0.996322,-0.007861,-0.049575,0.000000
0.916667,0.516667,0.000000,0.995899,-0.008079,-0.054653,0.000000
0.950000,0.516667,0.000000,0.997198,-0.002702,-0.040715,0.000000
0.983333,0.516667,0.000000,0.995767,-0.000315,-0.013199,0.000000
0.016667,0.550000,0.000000,0.996799,0.000027,0.007643,0.000000
0.050000,0.550000,0.000000,0.997085,0.000416,0.022178,0.000000
0.083333,0.550000,0.000000,0.996763,0.000733,0.032471,0.000000
0.116667,0.550000,0.000000,0.996826,0.000296,0.035890,0.000000
0.150000,0.550000,0.000000,0.996467,0.000085,0.038432,0.000000
0.183333,0.550000,0.000000,0.996343,-0.000175,0.037828,0.000000
0.216667,0.550000,0.000000,0.995944,-0.000239,0.036107,0.000000
0.250000,0.550000,0.000000,0.995754,-0.000366,0.032331,0.000000
0.283333,0.550000,0.000000,0.995407,-0.000399,0.028363,0.000000
0.316667,0.550000,0.000000,0.995248,-0.000493,0.023865,0.000000
0.350000,0.550000,0.000000,0.994985,-0.000535,0.019876,0.000000
0.383333,0.550000,0.000000,0.994881,-0.000611,0.015874,0.000000
0.416667,0.550000,0.000000,0.994696,-0.000665,0.012323,0.000000
0.450000,0.550000,0.000000,0.994647,-0.000753,0.008684,0.000000
0.483333,0.550000,0.000000,0.994530,-0.000862,0.005322,0.000000
0.516667,0.550000,0.000000,0.994540,-0.001021,0.001747,0.000000
0.550000,0.550000,0.000000,0.994490,-0.001232,-0.001594,0.000000
0.583333,0.550000,0.000000,0.994559,-0.001511,-0.005288,0.000000
0.616667,0.550000,0.000000,0.994577,-0.001835,-0.008709,0.000000
0.650000,0.550000,0.000000,0.994698,-0.002249,-0.012703,0.000000
0.683333,0.550000,0.000000,0.994793,-0.002632,-0.016263,0.000000
0.716667,0.550000,0.000000,0.994935,-0.003158,-0.020637,0.000000
0.750000,0.550000,0.000000,0.995128,-0.003471,-0.024205,0.000000
0.783333,0.550000,0.000000,0.995223,-0.004195,-0.029077,0.000000
0.816667,0.550000,0.000000,0.995567,-0.004528,-0.033495,0.000000
0.850000,0.550000,0.000000,0.995483,-0.006036,-0.041328,0.000000
0.883333,0.550000,0.000000,0.996159,-0.006126,-0.049392,0.000000
0.916667,0.550000,0.000000,0.995714,-0.006996,-0.056872,0.000000
0.950000,0.550000,0.000000,0.996993,-0.002446,-0.044432,0.000000
0.983333,0.550000,0.000000,0.995611,-0.000254,-0.014607,0.000000
0.016667,0.583333,0.000000,0.996671,0.000083,0.007325,0.000000
0.050000,0.583333,0.000000,0.997016,0.000667,0.021512,0.000000
0.083333,0.583333,0.000000,0.996678,0.001697,0.032195,0.000000
0.116667,0.583333,0.000000,0.996751,0.001755,0.035905,0.000000
0.150000,0.583333,0.000000,0.996409,0.002013,0.038435,0.000000
0.183333,0.583333,0.000000,0.996287,0.002084,0.037778,0.000000
0.216667,0.583333,0.000000,0.995914,0.002290,0.036064,0.000000
0.250000,0.583333,0.000000,0.995717,0.002326,0.032294,0.000000
0.283333,0.583333,0.000000,0.995392,0.002394,0.028359,0.000000
0.316667,0.583333,0.000000,0.995220,0.002359,0.023866,0.000000
0.350000,0.583333,0.000000,0.994977,0.002357,0.019892,0.000000
0.383333,0.583333,0.000000,0.994860,0.002320,0.015891,0.000000
0.416667,0.583333,0.000000,0.994692,0.002297,0.012366,0.000000
0.450000,0.583333,0.000000,0.994633,0.002241,0.008755,0.000000
0.483333,0.583333,0.000000,0.994533,0.002145,0.005453,0.000000
0.516667,0.583333,0.000000,0.994536,0.001992,0.001936,0.000000
0.550000,0.583333,0.000000,0.994502,0.001758,-0.001319,0.000000
0.583333,0.583333,0.000000,0.994569,0.001449,-0.004948,0.000000
0.616667,0.583333,0.000000,0.994601,0.001056,-0.008273,0.000000
0.650000,0.583333,0.000000,0.994724,0.000567,-0.012227,0.000000
0.683333,0.583333,0.000000,0.994829,0.000051,-0.015699,0.000000
0.716667,0.583333,0.000000,0.994980,-0.000616,-0.020099,0.000000
0.750000,0.583333,0.000000,0.995175,-0.001133,-0.023549,0.000000
0.783333,0.583333,0.000000,0.995280,-0.002030,-0.028427,0.000000
0.816667,0.583333,0.000000,0.995612,-0.002545,-0.032444,0.000000
0.850000,0.583333,0.000000,0.995526,-0.004215,-0.040355,0.000000
0.883333,0.583333,0.000000,0.996165,-0.004614,-0.048645,0.000000
0.916667,0.583333,0.000000,0.995699,-0.005986,-0.058303,0.000000
0.950000,0.583333,0.000000,0.996949,-0.002193,-0.047517,0.000000
0.983333,0.583333,0.000000,0.995628,-0.000199,-0.015792,0.000000
0.016667,0.616667,0.000000,0.996632,0.000122,0.006922,0.000000
0.050000,0.616667,0.000000,0.997077,0.000911,0.020555,0.000000
0.083333,0.616667,0.000000,0.996669,0.002583,0.031401,0.000000
0.116667,0.616667,0.000000,0.996822,0.003180,0.035572,0.000000
0.150000,0.616667,0.000000,0.996429,0.003933,0.038115,0.000000
0.183333,0.616667,0.000000,0.996382,0.004359,0.037551,0.000000
0.216667,0.616667,0.000000,0.995968,0.004903,0.035873,0.000000
0.250000,0.616667,0.000000,0.995827,0.005147,0.032228,0.000000
0.283333,0.616667,0.000000,0.995461,0.005404,0.028336,0.000000
0.316667,0.616667,0.000000,0.995324,0.005469,0.023903,0.000000
0.350000,0.616667,0.000000,0.995040,0.005570,0.019919,0.000000
0.383333,0.616667,0.000000,0.994945,0.005589,0.015935,0.000000
0.416667,0.616667,0.000000,0.994739,0.005627,0.012406,0.000000
0.450000,0.616667,0.000000,0.994697,0.005603,0.008836,0.000000
0.483333,0.616667,0.000000,0.994561,0.005527,0.005573,0.000000
0.516667,0.616667,0.000000,0.994582,0.005374,0.002134,0.000000
0.550000,0.616667,0.000000,0.994513,0.005110,-0.001050,0.000000
0.583333,0.616667,0.000000,0.994603,0.004762,-0.004587,0.000000
0.616667,0.616667,0.000000,0.994599,0.004280,-0.007827,0.000000
0.650000,0.616667,0.000000,0.994753,0.003702,-0.011700,0.000000
0.683333,0.616667,0.000000,0.994815,0.003020,-0.015082,0.000000
0.716667,0.616667,0.000000,0.995009,0.002190,-0.019453,0.000000
0.750000,0.616667,0.000000,0.995151,0.001403,-0.022795,0.000000
0.783333,0.616667,0.000000,0.995310,0.000271,-0.027658,0.000000
0.816667,0.616667,0.000000,0.995569,-0.000537,-0.031323,0.000000
0.850000,0.616667,0.000000,0.995539,-0.002416,-0.039240,0.000000
0.883333,0.616667,0.000000,0.996074,-0.003171,-0.047653,0.000000
0.916667,0.616667,0.000000,0.995659,-0.004990,-0.059258,0.000000
0.950000,0.616667,0.000000,0.996795,-0.001896,-0.050282,0.000000
0.983333,0.616667,0.000000,0.995605,-0.000156,-0.016902,0.000000
0.016667,0.650000,0.000000,0.996570,0.000159,0.006327,0.000000
0.050000,0.650000,0.000000,0.997000,0.001015,0.019031,0.000000
0.083333,0.650000,0.000000,0.996640,0.003157,0.029942,0.000000
0.116667,0.650000,0.000000,0.996773,0.004247,0.034543,0.000000
0.150000,0.650000,0.000000,0.996434,0.005421,0.037266,0.000000
0.183333,0.650000,0.000000,0.996376,0.006202,0.036796,0.000000
0.216667,0.650000,0.000000,0.996012,0.007047,0.035282,0.000000
0.250000,0.650000,0.000000,0.995852,0.007543,0.031785,0.000000
0.283333,0.650000,0.000000,0.995520,0.007984,0.028042,0.000000
0.316667,0.650000,0.000000,0.995358,0.008200,0.023694,0.000000
0.350000,0.650000,0.000000,0.995100,0.008402,0.019776,0.000000
0.383333,0.650000,0.000000,0.994983,0.008512,0.015829,0.000000
0.416667,0.650000,0.000000,0.994801,0.008611,0.012356,0.000000
0.450000,0.650000,0.000000,0.994745,0.008644,0.008852,0.000000
0.483333,0.650000,0.000000,0.994633,0.008601,0.005686,0.000000
0.516667,0.650000,0.000000,0.994646,0.008473,0.002351,0.000000
0.550000,0.650000,0.000000,0.994603,0.008204,-0.000702,0.000000
0.583333,0.650000,0.000000,0.994690,0.007840,-0.004120,0.000000
0.616667,0.650000,0.000000,0.994713,0.007298,-0.007208,0.000000
0.650000,0.650000,0.000000,0.994872,0.006649,-0.010969,0.000000
0.683333,0.650000,0.000000,0.994958,0.005823,-0.014180,0.000000
0.716667,0.650000,0.000000,0.995166,0.004839,-0.018480,0.000000
0.750000,0.650000,0.000000,0.995320,0.003780,-0.021625,0.000000
0.783333,0.650000,0.000000,0.995504,0.002402,-0.026477,0.000000
0.816667,0.650000,0.000000,0.995753,0.001252,-0.029757,0.000000
0.850000,0.650000,0.000000,0.995755,-0.000839,-0.037696,0.000000
0.883333,0.650000,0.000000,0.996237,-0.001959,-0.046087,0.000000
0.916667,0.650000,0.000000,0.995854,-0.004144,-0.059532,0.000000
0.950000,0.650000,0.000000,0.996908,-0.001632,-0.052397,0.000000
0.983333,0.650000,0.000000,0.995826,-0.000113,-0.017747,0.000000
0.016667,0.683333,0.000000,0.996648,0.000174,0.005787,0.000000
0.050000,0.683333,0.000000,0.997152,0.001152,0.017547,0.000000
0.083333,0.683333,0.000000,0.996727,0.003665,0.028185,0.000000
0.116667,0.683333,0.000000,0.996961,0.005284,0.033304,0.000000
0.150000,0.683333,0.000000,0.996562,0.006972,0.036170,0.000000
0.183333,0.683333,0.000000,0.996606,0.008163,0.035922,0.000000
0.216667,0.683333,0.000000,0.996186,0.009461,0.034537,0.000000
0.250000,0.683333,0.000000,0.996096,0.010294,0.031289,0.000000
0.283333,0.683333,0.000000,0.995705,0.011080,0.027684,0.000000
0.316667,0.683333,0.000000,0.995579,0.011519,0.023485,0.000000
0.350000,0.683333,0.000000,0.995259,0.011928,0.019611,0.000000
0.383333,0.683333,0.000000,0.995160,0.012156,0.015726,0.000000
0.416667,0.683333,0.000000,0.994921,0.012355,0.012277,0.000000
0.450000,0.683333,0.000000,0.994875,0.012438,0.008846,0.000000
0.483333,0.683333,0.000000,0.994714,0.012425,0.005747,0.000000
0.516667,0.683333,0.000000,0.994741,0.012300,0.002529,0.000000
0.550000,0.683333,0.000000,0.994653,0.012000,-0.000416,0.000000
0.583333,0.683333,0.000000,0.994763,0.011592,-0.003684,0.000000
0.616667,0.683333,0.000000,0.994742,0.010944,-0.006636,0.000000
0.650000,0.683333,0.000000,0.994940,0.010190,-0.010229,0.000000
0.683333,0.683333,0.000000,0.994977,0.009153,-0.013273,0.000000
0.716667,0.683333,0.000000,0.995245,0.007971,-0.017412,0.000000
0.750000,0.683333,0.000000,0.995333,0.006550,-0.020359,0.000000
0.783333,0.683333,0.000000,0.995602,0.004859,-0.025125,0.000000
0.816667,0.683333,0.000000,0.995753,0.003241,-0.028088,0.000000
0.850000,0.683333,0.000000,0.995864,0.000863,-0.036009,0.000000
0.883333,0.683333,0.000000,0.996202,-0.000707,-0.044368,0.000000
0.916667,0.683333,0.000000,0.995935,-0.003297,-0.059538,0.000000
0.950000,0.683333,0.000000,0.996811,-0.001300,-0.054362,0.000000
0.983333,0.683333,0.000000,0.995905,-0.000074,-0.018566,0.000000
0.016667,0.716667,0.000000,0.996594,0.000179,0.005041,0.000000
0.050000,0.716667,0.000000,0.996999,0.001054,0.015514,0.000000
0.083333,0.716667,0.000000,0.996692,0.003592,0.025821,0.000000
0.116667,0.716667,0.000000,0.996884,0.005581,0.031213,0.000000
0.150000,0.716667,0.000000,0.996593,0.007625,0.034392,0.000000
0.183333,0.716667,0.000000,0.996613,0.009210,0.034287,0.000000
0.216667,0.716667,0.000000,0.996283,0.010863,0.033151,0.000000
0.250000,0.716667,0.000000,0.996164,0.012093,0.030150,0.000000
0.283333,0.716667,0.000000,0.995830,0.013208,0.026818,0.000000
0.316667,0.716667,0.000000,0.995671,0.013973,0.022835,0.000000
0.350000,0.716667,0.000000,0.995390,0.014626,0.019142,0.000000
0.383333,0.716667,0.000000,0.995263,0.015073,0.015396,0.000000
0.416667,0.716667,0.000000,0.995057,0.015426,0.012078,0.000000
0.450000,0.716667,0.000000,0.994993,0.015641,0.008779,0.000000
0.483333,0.716667,0.000000,0.994866,0.015715,0.005830,0.000000
0.516667,0.716667,0.000000,0.994882,0.015655,0.002773,0.000000
0.550000,0.716667,0.000000,0.994832,0.015382,0.000013,0.000000
0.583333,0.716667,0.000000,0.994938,0.014974,-0.003067,0.000000
0.616667,0.716667,0.000000,0.994959,0.014273,-0.005798,0.000000
0.650000,0.716667,0.000000,0.995161,0.013437,-0.009180,0.000000
0.683333,0.716667,0.000000,0.995240,0.012227,-0.011951,0.000000
0.716667,0.716667,0.000000,0.995525,0.010854,-0.015875,0.000000
0.750000,0.716667,0.000000,0.995643,0.009083,-0.018501,0.000000
0.783333,0.716667,0.000000,0.995947,0.007087,-0.023160,0.000000
0.816667,0.716667,0.000000,0.996095,0.004980,-0.025749,0.000000
0.850000,0.716667,0.000000,0.996270,0.002329,-0.033722,0.000000
0.883333,0.716667,0.000000,0.996550,0.000297,-0.041924,0.000000
0.916667,0.716667,0.000000,0.996352,-0.002682,-0.058878,0.000000
0.950000,0.716667,0.000000,0.997126,-0.001053,-0.055640,0.000000
0.983333,0.716667,0.000000,0.996316,-0.000031,-0.019036,0.000000
0.016667,0.750000,0.000000,0.996806,0.000161,0.004597,0.000000
0.050000,0.750000,0.000000,0.997293,0.001095,0.014131,0.000000
0.083333,0.750000,0.000000,0.996882,0.003610,0.023674,0.000000
0.116667,0.750000,0.000000,0.997228,0.005962,0.029269,0.000000
0.150000,0.750000,0.000000,0.996849,0.008599,0.032550,0.000000
0.183333,0.750000,0.000000,0.997011,0.010696,0.032680,0.000000
0.216667,0.750000,0.000000,0.996604,0.013009,0.031659,0.000000
0.250000,0.750000,0.000000,0.996567,0.014754,0.028942,0.000000
0.283333,0.750000,0.000000,0.996148,0.016427,0.025808,0.000000
0.316667,0.750000,0.000000,0.996018,0.017587,0.022067,0.000000
0.350000,0.750000,0.000000,0.995648,0.018603,0.018516,0.000000
0.383333,0.750000,0.000000,0.995522,0.019276,0.014927,0.000000
0.416667,0.750000,0.000000,0.995236,0.019810,0.011713,0.000000
0.450000,0.750000,0.000000,0.995170,0.020119,0.008557,0.000000
0.483333,0.750000,0.000000,0.994974,0.020247,0.005734,0.000000
0.516667,0.750000,0.000000,0.994997,0.020199,0.002858,0.000000
0.550000,0.750000,0.000000,0.994889,0.019886,0.000264,0.000000
0.583333,0.750000,0.000000,0.995018,0.019422,-0.002583,0.000000
0.616667,0.750000,0.000000,0.994985,0.018581,-0.005103,0.000000
0.650000,0.750000,0.000000,0.995232,0.017604,-0.008192,0.000000
0.683333,0.750000,0.000000,0.995253,0.016113,-0.010692,0.000000
0.716667,0.750000,0.000000,0.995614,0.014487,-0.014277,0.000000
0.750000,0.750000,0.000000,0.995651,0.012248,-0.016593,0.000000
0.783333,0.750000,0.000000,0.996075,0.009888,-0.021024,0.000000
0.816667,0.750000,0.000000,0.996097,0.007160,-0.023330,0.000000
0.850000,0.750000,0.000000,0.996447,0.004159,-0.031310,0.000000
0.883333,0.750000,0.000000,0.996536,0.001514,-0.039362,0.000000
0.916667,0.750000,0.000000,0.996515,-0.002030,-0.058136,0.000000
0.950000,0.750000,0.000000,0.997047,-0.000800,-0.057042,0.000000
0.983333,0.750000,0.000000,0.996375,-0.000004,-0.019586,0.000000
0.016667,0.783333,0.000000,0.996648,0.000108,0.003817,0.000000
0.050000,0.783333,0.000000,0.996942,0.000699,0.012030,0.000000
0.083333,0.783333,0.000000,0.996730,0.002555,0.020962,0.000000
0.116667,0.783333,0.000000,0.997010,0.004835,0.026190,0.000000
0.150000,0.783333,0.000000,0.996824,0.007584,0.029656,0.000000
0.183333,0.783333,0.000000,0.996953,0.010088,0.029844,0.000000
0.216667,0.783333,0.000000,0.996699,0.012828,0.029087,0.000000
0.250000,0.783333,0.000000,0.996639,0.015200,0.026708,0.000000
0.283333,0.783333,0.000000,0.996321,0.017452,0.023984,0.000000
0.316667,0.783333,0.000000,0.996166,0.019246,0.020646,0.000000
0.350000,0.783333,0.000000,0.995860,0.020785,0.017457,0.000000
0.383333,0.783333,0.000000,0.995710,0.021941,0.014185,0.000000
0.416667,0.783333,0.000000,0.995470,0.022842,0.011244,0.000000
0.450000,0.783333,0.000000,0.995384,0.023451,0.008341,0.000000
0.483333,0.783333,0.000000,0.995232,0.023790,0.005759,0.000000
0.516667,0.783333,0.000000,0.995239,0.023887,0.003134,0.000000
0.550000,0.783333,0.000000,0.995179,0.023653,0.000800,0.000000
0.583333,0.783333,0.000000,0.995298,0.023199,-0.001764,0.000000
0.616667,0.783333,0.000000,0.995321,0.022304,-0.003970,0.000000
0.650000,0.783333,0.000000,0.995564,0.021207,-0.006716,0.000000
0.683333,0.783333,0.000000,0.995646,0.019504,-0.008820,0.000000
0.716667,0.783333,0.000000,0.996016,0.017637,-0.012013,0.000000
0.750000,0.783333,0.000000,0.996106,0.014999,-0.013883,0.000000
0.783333,0.783333,0.000000,0.996571,0.012333,-0.018068,0.000000
0.816667,0.783333,0.000000,0.996610,0.009034,-0.019994,0.000000
0.850000,0.783333,0.000000,0.997067,0.005765,-0.028054,0.000000
0.883333,0.783333,0.000000,0.997107,0.002420,-0.035708,0.000000
0.916667,0.783333,0.000000,0.997209,-0.001784,-0.056495,0.000000
0.950000,0.783333,0.000000,0.997610,-0.001090,-0.057656,0.000000
0.983333,0.783333,0.000000,0.996922,-0.000102,-0.019766,0.000000
0.016667,0.816667,0.000000,0.997082,0.000035,0.003832,0.000000
0.050000,0.816667,0.000000,0.997524,0.000641,0.011698,0.000000
0.083333,0.816667,0.000000,0.997104,0.002074,0.019563,0.000000
0.116667,0.816667,0.000000,0.997646,0.004472,0.024248,0.000000
0.150000,0.816667,0.000000,0.997305,0.008107,0.027310,0.000000
0.183333,0.816667,0.000000,0.997602,0.011252,0.027438,0.000000
0.216667,0.816667,0.000000,0.997209,0.014840,0.026553,0.000000
0.250000,0.816667,0.000000,0.997205,0.017797,0.024318,0.000000
0.283333,0.816667,0.000000,0.996747,0.020694,0.021768,0.000000
0.316667,0.816667,0.000000,0.996589,0.022943,0.018736,0.000000
0.350000,0.816667,0.000000,0.996155,0.024929,0.015827,0.000000
0.383333,0.816667,0.000000,0.995984,0.026389,0.012872,0.000000
0.416667,0.816667,0.000000,0.995639,0.027549,0.010207,0.000000
0.450000,0.816667,0.000000,0.995537,0.028318,0.007607,0.000000
0.483333,0.816667,0.000000,0.995302,0.028760,0.005297,0.000000
0.516667,0.816667,0.000000,0.995309,0.028904,0.002989,0.000000
0.550000,0.816667,0.000000,0.995180,0.028645,0.000948,0.000000
0.583333,0.816667,0.000000,0.995320,0.028143,-0.001247,0.000000
0.616667,0.816667,0.000000,0.995279,0.027100,-0.003119,0.000000
0.650000,0.816667,0.000000,0.995572,0.025865,-0.005409,0.000000
0.683333,0.816667,0.000000,0.995581,0.023874,-0.007131,0.000000
0.716667,0.816667,0.000000,0.996041,0.021800,-0.009792,0.000000
0.750000,0.816667,0.000000,0.996030,0.018729,-0.011294,0.000000
0.783333,0.816667,0.000000,0.996653,0.015841,-0.015075,0.000000
0.816667,0.816667,0.000000,0.996535,0.011928,-0.016757,0.000000
0.850000,0.816667,0.000000,0.997267,0.008404,-0.024695,0.000000
0.883333,0.816667,0.000000,0.997064,0.004044,-0.031802,0.000000
0.916667,0.816667,0.000000,0.997490,-0.001229,-0.054571,0.000000
0.950000,0.816667,0.000000,0.997499,-0.001950,-0.058737,0.000000
0.983333,0.816667,0.000000,0.996857,-0.000426,-0.020752,0.000000
0.016667,0.850000,0.000000,0.996592,-0.000210,0.003160,0.000000
0.050000,0.850000,0.000000,0.996711,-0.000525,0.009938,0.000000
0.083333,0.850000,0.000000,0.996584,-0.001286,0.017128,0.000000
0.116667,0.850000,0.000000,0.997015,-0.000159,0.020100,0.000000
0.150000,0.850000,0.000000,0.997034,0.003134,0.022860,0.000000
0.183333,0.850000,0.000000,0.997342,0.007082,0.023063,0.000000
0.216667,0.850000,0.000000,0.997229,0.011604,0.022528,0.000000
0.250000,0.850000,0.000000,0.997259,0.015782,0.020827,0.000000
0.283333,0.850000,0.000000,0.996977,0.019760,0.018839,0.000000
0.316667,0.850000,0.000000,0.996828,0.023101,0.016403,0.000000
0.350000,0.850000,0.000000,0.996492,0.025991,0.014024,0.000000
0.383333,0.850000,0.000000,0.996306,0.028258,0.011570,0.000000
0.416667,0.850000,0.000000,0.996016,0.030048,0.009332,0.000000
0.450000,0.850000,0.000000,0.995889,0.031319,0.007137,0.000000
0.483333,0.850000,0.000000,0.995695,0.032121,0.005190,0.000000
0.516667,0.850000,0.000000,0.995674,0.032496,0.003254,0.000000
0.550000,0.850000,0.000000,0.995590,0.032374,0.001575,0.000000
0.583333,0.850000,0.000000,0.995704,0.031894,-0.000219,0.000000
0.616667,0.850000,0.000000,0.995722,0.030825,-0.001679,0.000000
0.650000,0.850000,0.000000,0.995989,0.029480,-0.003497,0.000000
0.683333,0.850000,0.000000,0.996077,0.027368,-0.004741,0.000000
0.716667,0.850000,0.000000,0.996518,0.025168,-0.006879,0.000000
0.750000,0.850000,0.000000,0.996602,0.021926,-0.007900,0.000000
0.783333,0.850000,0.000000,0.997252,0.019021,-0.011277,0.000000
0.816667,0.850000,0.000000,0.997220,0.014711,-0.012517,0.000000
0.850000,0.850000,0.000000,0.998124,0.011190,-0.020166,0.000000
0.883333,0.850000,0.000000,0.997923,0.005504,-0.026018,0.000000
0.916667,0.850000,0.000000,0.998746,-0.000931,-0.050415,0.000000
0.950000,0.850000,0.000000,0.998517,-0.004788,-0.058405,0.000000
0.983333,0.850000,0.000000,0.998235,-0.001524,-0.022121,0.000000
0.016667,0.883333,0.000000,0.997496,-0.000035,0.004621,0.000000
0.050000,0.883333,0.000000,0.998045,0.000572,0.012818,0.000000
0.083333,0.883333,0.000000,0.997522,0.000879,0.019248,0.000000
0.116667,0.883333,0.000000,0.998365,0.001388,0.019866,0.000000
0.150000,0.883333,0.000000,0.997984,0.005187,0.020100,0.000000
0.183333,0.883333,0.000000,0.998279,0.009078,0.018984,0.000000
0.216667,0.883333,0.000000,0.997834,0.013870,0.017864,0.000000
0.250000,0.883333,0.000000,0.997792,0.018134,0.016164,0.000000
0.283333,0.883333,0.000000,0.997281,0.022363,0.014454,0.000000
0.316667,0.883333,0.000000,0.997080,0.025862,0.012507,0.000000
0.350000,0.883333,0.000000,0.996594,0.028988,0.010674,0.000000
0.383333,0.883333,0.000000,0.996382,0.031427,0.008815,0.000000
0.416667,0.883333,0.000000,0.995992,0.033408,0.007149,0.000000
0.450000,0.883333,0.000000,0.995860,0.034830,0.005530,0.000000
0.483333,0.883333,0.000000,0.995595,0.035776,0.004117,0.000000
0.516667,0.883333,0.000000,0.995587,0.036296,0.002725,0.000000
0.550000,0.883333,0.000000,0.995442,0.036301,0.001539,0.000000
0.583333,0.883333,0.000000,0.995585,0.036006,0.000283,0.000000
0.616667,0.883333,0.000000,0.995536,0.035095,-0.000721,0.000000
0.650000,0.883333,0.000000,0.995855,0.034047,-0.001980,0.000000
0.683333,0.883333,0.000000,0.995852,0.032171,-0.002838,0.000000
0.716667,0.883333,0.000000,0.996387,0.030444,-0.004385,0.000000
0.750000,0.883333,0.000000,0.996344,0.027471,-0.005161,0.000000
0.783333,0.883333,0.000000,0.997182,0.025155,-0.007899,0.000000
0.816667,0.883333,0.000000,0.996967,0.020688,-0.008924,0.000000
0.850000,0.883333,0.000000,0.998283,0.017492,-0.015522,0.000000
0.883333,0.883333,0.000000,0.997765,0.010202,-0.019650,0.000000
0.916667,0.883333,0.000000,0.999436,0.002312,-0.044218,0.000000
0.950000,0.883333,0.000000,0.998589,-0.007324,-0.058100,0.000000
0.983333,0.883333,0.000000,0.999447,-0.002855,-0.027235,0.000000
0.016667,0.916667,0.000000,0.995265,-0.005589,0.002587,0.000000
0.050000,0.916667,0.000000,0.995586,-0.016331,0.008903,0.000000
0.083333,0.916667,0.000000,0.995930,-0.018500,0.016281,0.000000
0.116667,0.916667,0.000000,0.996943,-0.014063,0.015691,0.000000
0.150000,0.916667,0.000000,0.997364,-0.006972,0.015135,0.000000
0.183333,0.916667,0.000000,0.997959,-0.000037,0.014327,0.000000
0.216667,0.916667,0.000000,0.997972,0.007038,0.013466,0.000000
0.250000,0.916667,0.000000,0.998066,0.013342,0.012323,0.000000
0.283333,0.916667,0.000000,0.997778,0.019197,0.011132,0.000000
0.316667,0.916667,0.000000,0.997601,0.024193,0.009793,0.000000
0.350000,0.916667,0.000000,0.997206,0.028572,0.008494,0.000000
0.383333,0.916667,0.000000,0.996958,0.032164,0.007175,0.000000
0.416667,0.916667,0.000000,0.996594,0.035136,0.005965,0.000000
0.450000,0.916667,0.000000,0.996400,0.037451,0.004791,0.000000
0.483333,0.916667,0.000000,0.996140,0.039186,0.003754,0.000000
0.516667,0.916667,0.000000,0.996066,0.040403,0.002743,0.000000
0.550000,0.916667,0.000000,0.995933,0.041057,0.001886,0.000000
0.583333,0.916667,0.000000,0.996010,0.041327,0.000990,0.000000
0.616667,0.916667,0.000000,0.996000,0.040988,0.000295,0.000000
0.650000,0.916667,0.000000,0.996255,0.040424,-0.000582,0.000000
0.683333,0.916667,0.000000,0.996341,0.039077,-0.001123,0.000000
0.716667,0.916667,0.000000,0.996816,0.037762,-0.002200,0.000000
0.750000,0.916667,0.000000,0.996940,0.035183,-0.002588,0.000000
0.783333,0.916667,0.000000,0.997756,0.033146,-0.004526,0.000000
0.816667,0.916667,0.000000,0.997797,0.028450,-0.004807,0.000000
0.850000,0.916667,0.000000,0.999285,0.025388,-0.009721,0.000000
0.883333,0.916667,0.000000,0.999033,0.016509,-0.010741,0.000000
0.916667,0.916667,0.000000,1.001663,0.008873,-0.032827,0.000000
0.950000,0.916667,0.000000,1.000861,-0.010311,-0.053044,0.000000
0.983333,0.916667,0.000000,1.006730,-0.005559,-0.032419,0.000000
0.016667,0.950000,0.000000,0.999659,-0.003962,0.027314,0.000000
0.050000,0.950000,0.000000,1.000126,-0.010735,0.025853,0.000000
0.083333,0.950000,0.000000,0.998483,-0.007320,0.017104,0.000000
0.116667,0.950000,0.000000,0.998640,-0.001868,0.008437,0.000000
0.150000,0.950000,0.000000,0.998134,0.004925,0.006132,0.000000
0.183333,0.950000,0.000000,0.998301,0.011238,0.004989,0.000000
0.216667,0.950000,0.000000,0.997830,0.017828,0.004480,0.000000
0.250000,0.950000,0.000000,0.997766,0.023668,0.003986,0.000000
0.283333,0.950000,0.000000,0.997261,0.029313,0.003586,0.000000
0.316667,0.950000,0.000000,0.997066,0.034171,0.003112,0.000000
0.350000,0.950000,0.000000,0.996594,0.038602,0.002690,0.000000
0.383333,0.950000,0.000000,0.996394,0.042307,0.002238,0.000000
0.416667,0.950000,0.000000,0.996018,0.045506,0.001854,0.000000
0.450000,0.950000,0.000000,0.995897,0.048106,0.001467,0.000000
0.483333,0.950000,0.000000,0.995645,0.050186,0.001156,0.000000
0.516667,0.950000,0.000000,0.995650,0.051822,0.000838,0.000000
0.550000,0.950000,0.000000,0.995520,0.052922,0.000600,0.000000
0.583333,0.950000,0.000000,0.995680,0.053756,0.000328,0.000000
0.616667,0.950000,0.000000,0.995648,0.053975,0.000160,0.000000
0.650000,0.950000,0.000000,0.995993,0.054169,-0.000105,0.000000
0.683333,0.950000,0.000000,0.996013,0.053516,-0.000205,0.000000
0.716667,0.950000,0.000000,0.996606,0.053233,-0.000540,0.000000
0.750000,0.950000,0.000000,0.996598,0.051508,-0.000575,0.000000
0.783333,0.950000,0.000000,0.997598,0.050937,-0.001237,0.000000
0.816667,0.950000,0.000000,0.997424,0.047324,-0.001185,0.000000
0.850000,0.950000,0.000000,0.999281,0.046660,-0.003682,0.000000
0.883333,0.950000,0.000000,0.998713,0.038679,-0.003100,0.000000
0.916667,0.950000,0.000000,1.002801,0.037264,-0.017451,0.000000
0.950000,0.950000,0.000000,1.001975,0.011736,-0.043333,0.000000
0.983333,0.950000,0.000000,1.012922,0.000075,-0.043729,0.000000
0.016667,0.983333,0.000000,0.972375,0.013256,0.017495,0.000000
0.050000,0.983333,0.000000,0.992822,0.034358,0.011890,0.000000
0.083333,0.983333,0.000000,0.995164,0.052480,0.007259,0.000000
0.116667,0.983333,0.000000,0.997580,0.059581,0.003344,0.000000
0.150000,0.983333,0.000000,0.998214,0.064409,0.002021,0.000000
0.183333,0.983333,0.000000,0.998852,0.067760,0.001426,0.000000
0.216667,0.983333,0.000000,0.998793,0.070782,0.001088,0.000000
0.250000,0.983333,0.000000,0.998821,0.073283,0.000887,0.000000
0.283333,0.983333,0.000000,0.998448,0.075606,0.000707,0.000000
0.316667,0.983333,0.000000,0.998200,0.077540,0.000573,0.000000
0.350000,0.983333,0.000000,0.997724,0.079258,0.000438,0.000000
0.383333,0.983333,0.000000,0.997408,0.080644,0.000336,0.000000
0.416667,0.983333,0.000000,0.996971,0.081808,0.000235,0.000000
0.450000,0.983333,0.000000,0.996717,0.082714,0.000162,0.000000
0.483333,0.983333,0.000000,0.996394,0.083413,0.000089,0.000000
0.516667,0.983333,0.000000,0.996269,0.083935,0.000036,0.000000
0.550000,0.983333,0.000000,0.996087,0.084256,-0.000019,0.000000
0.583333,0.983333,0.000000,0.996124,0.084484,-0.000059,0.000000
0.616667,0.983333,0.000000,0.996075,0.084482,-0.000105,0.000000
0.650000,0.983333,0.000000,0.996298,0.084494,-0.000142,0.000000
0.683333,0.983333,0.000000,0.996356,0.084176,-0.000186,0.000000
0.716667,0.983333,0.000000,0.996807,0.084042,-0.000238,0.000000
0.750000,0.983333,0.000000,0.996932,0.083315,-0.000293,0.000000
0.783333,0.983333,0.000000,0.997736,0.083090,-0.000426,0.000000
0.816667,0.983333,0.000000,0.997922,0.081522,-0.000519,0.000000
0.850000,0.983333,0.000000,0.999556,0.081248,-0.001232,0.000000
0.883333,0.983333,0.000000,1.000093,0.076272,-0.001289,0.000000
0.916667,0.983333,0.000000,1.005813,0.076454,-0.006143,0.000000
0.950000,0.983333,0.000000,1.008157,0.051195,-0.015254,0.000000
0.983333,0.983333,0.000000,1.041138,0.016216,-0.020407,0.000000
